collision_frame,disk_id,linear_before_mm_s,linear_after_mm_s,angular_before_rad_s,angular_after_rad_s
145,0,1024.3324400951578,1076.1789306914984,3.5401298694073446,1.745006012038408
145,1,1045.3940664651284,1058.5458094127507,-1.4598888279910138,-1.1082632673653592
